fraud_bool,income,name_email_similarity,prev_address_months_count,current_address_months_count,customer_age,days_since_request,intended_balcon_amount,payment_type,zip_count_4w,velocity_6h,velocity_24h,velocity_4w,bank_branch_count_8w,date_of_birth_distinct_emails_4w,employment_status,credit_risk_score,email_is_free,housing_status,phone_home_valid,phone_mobile_valid,bank_months_count,has_other_cards,proposed_credit_limit,foreign_request,source,session_length_in_minutes,device_os,keep_alive_session,device_distinct_emails_8w,device_fraud_count,month
0,0.1,0.7712478109638357,-1,192,20,0.0084489823617388,-1.0509510376512128,AB,2570,6079.874351169303,2927.210042681401,5339.732229162089,11,5,CA,214,0,BE,0,1,11,0,1500.0,0,INTERNET,37.83188883875239,windows,0,1,0,2
0,0.9,0.8686088853868399,-1,8,30,0.0035030600674728,-0.6833370921486966,AB,1081,1727.7337389063794,2697.749318255904,3582.755084014101,6,6,CA,152,1,BC,1,1,1,1,200.0,0,INTERNET,1.6102264573601608,linux,1,1,0,6
0,0.6000000000000001,0.4619740212237678,30,8,30,0.0063264307497764,-0.9168319460812268,AB,2162,1108.075600437522,4985.9972765102975,4936.787226837269,1329,15,CA,130,0,BC,1,0,1,0,500.0,0,INTERNET,5.502750166036583,linux,0,1,0,3
0,0.9,0.3881113907417329,31,2,50,0.0104801688448941,-0.8172177551819884,AB,2676,3849.725771774408,4259.347493956469,4872.355832815736,7,14,CB,187,1,BA,0,1,19,1,1500.0,0,INTERNET,3.2094876807383854,windows,1,1,0,4
0,0.9,0.5121890028823877,-1,249,50,0.0132387626002398,-0.2308894574796238,AB,621,3282.9216599576253,3156.647048023958,3150.353836113657,5,6,CA,125,0,BA,0,0,26,1,500.0,0,INTERNET,8.416212127740566,other,1,1,0,7
0,0.9,0.477625245838689,-1,87,20,0.0081992666478301,-0.8128984294652606,AA,1459,4875.982663914538,4354.09581446525,4308.944062184835,1829,10,CB,71,1,BC,0,1,6,0,200.0,0,INTERNET,4.39032589908436,other,1,1,0,3
0,0.4,0.6597909494949133,-1,364,50,0.0134227268785232,-1.0476086565165577,AB,1123,971.500039020534,4812.3837002698965,4849.289128510884,40,1,CA,108,1,BC,1,1,28,0,200.0,0,INTERNET,9.41221457258706,windows,1,1,0,4
0,0.1,0.9992414708859392,-1,112,20,0.0212394941200144,-0.7680715000603081,AB,1469,5627.833948448103,6244.508380908358,6711.400718595188,10,4,CA,158,1,BE,1,1,15,0,200.0,0,INTERNET,15.3121386921349,windows,1,2,0,6
0,0.9,0.9554599070386992,-1,189,60,0.0052675169399827,-1.0308725622785997,AB,769,7129.664750733494,4952.148625803631,4255.0153219489175,12,11,CA,180,1,BA,1,1,1,0,200.0,0,INTERNET,9.5620180352998,other,0,1,0,5
0,0.1,0.4342699021118238,-1,28,30,0.0286116913966007,-1.425156790063282,AC,3589,5301.372691502513,5229.641152235644,5215.869880260864,0,13,CA,129,0,BC,0,1,-1,0,200.0,0,INTERNET,2.7599849447554976,other,0,1,0,2
0,0.1,0.762154850705721,-1,48,40,0.0210923976650038,12.822157311432864,AA,3962,6000.350506681684,7548.7580001060915,5956.943650483066,1783,9,CA,150,1,BC,1,1,11,1,1500.0,0,INTERNET,7.287078839526948,other,1,1,0,5
0,0.3,0.123414744240654,9,56,40,0.0312423296477694,-1.6236141410513012,AB,688,7503.932075804851,5459.825770181943,4873.010750176411,12,10,CA,185,1,BC,0,0,20,0,500.0,0,INTERNET,0.7772116433384995,windows,1,1,0,3
0,0.2,0.0691678341689403,21,39,30,0.0008810345721787,11.075004660887526,AA,1096,4052.377029580781,3765.319532290755,4127.069561268457,22,18,CA,133,1,BE,0,1,5,0,200.0,0,INTERNET,17.58930384039644,windows,1,1,0,4
0,0.9,0.4473820985380349,-1,163,40,0.0274955535971286,-1.6581403727078592,AC,1232,3386.742911301179,3597.2431585370323,4194.803750247876,1,6,CD,108,0,BB,0,1,-1,0,200.0,0,INTERNET,5.677561310399934,other,1,1,0,5
0,0.1,0.645500360038269,-1,79,40,0.0212263287544736,-1.1866353428340688,AC,1219,3827.489379370757,2834.431431994696,3703.05703634364,0,10,CA,88,1,BB,1,1,-1,0,200.0,0,INTERNET,1.5822252324642654,linux,1,1,0,7
0,0.2,0.5598641761565162,-1,71,40,0.0172928948852091,-1.4199706542160424,AD,832,2689.6015003715024,2653.2875698057,3522.9794933926696,241,8,CA,128,1,BC,0,1,1,0,200.0,0,INTERNET,2.4493647865749693,other,1,1,0,6
0,0.4,0.0429756005508653,-1,27,40,0.004449069297707,-0.780798596043875,AB,509,2226.753021195889,3750.705306356756,3064.9931907048194,3,8,CA,105,0,BC,1,0,30,1,500.0,0,INTERNET,2.755851561285095,windows,1,1,0,7
0,0.8,0.3431264756458781,-1,219,50,0.032221572220535,-1.0692268065912651,AB,651,4161.8184215277215,3148.135838570124,3178.384518352739,0,1,CA,70,0,BB,1,1,2,0,200.0,0,INTERNET,24.89831092834527,macintosh,0,1,0,7
0,0.7000000000000001,0.0039732249862775,-1,87,30,0.0383139562775473,19.179177754044886,AA,1821,8313.50257766945,5156.184772615498,6640.846434620109,147,24,CF,50,1,BC,1,1,1,0,200.0,0,INTERNET,2.6622406652153656,linux,1,1,0,0
0,0.1,0.1177551961496738,-1,165,30,2.8655404598158274,28.86965701315627,AA,234,5321.884173454127,2642.850293412671,4875.580588231446,614,14,CA,182,1,BA,1,1,2,0,1500.0,0,INTERNET,13.758770740926051,other,1,1,0,3
0,0.1,0.0529017074901188,-1,160,50,0.011389616437982,34.56568064354775,AA,740,1545.7427277678655,1691.5541638757595,5856.670633892879,841,4,CA,186,0,BA,0,1,1,0,200.0,0,INTERNET,18.332488374504297,other,0,1,0,7
0,0.6000000000000001,0.3047665553913945,-1,38,20,0.0343510793931945,10.185190460559856,AA,1778,15279.862869020488,8601.776758127951,6666.690064815678,524,6,CA,96,1,BC,0,1,25,1,200.0,0,INTERNET,16.235950481763794,other,0,1,0,0
0,0.1,0.8693213992357567,24,16,20,0.0099213879698024,41.01828262854895,AB,1393,1586.5705450038622,6150.641847920465,4871.906416550843,32,11,CB,200,0,BC,0,1,15,0,500.0,0,INTERNET,7.731688141594431,other,0,1,0,3
0,0.1,0.7575954251615024,-1,38,50,0.0176883635175001,-0.6446635610234684,AB,1210,3837.822372411457,6905.383382183644,5888.592852064759,7,21,CD,61,1,BB,0,1,1,0,200.0,0,INTERNET,4.644075754180448,windows,0,1,0,0
0,0.8,0.4771616292073922,-1,333,20,0.0155663894766761,-0.7095570031914453,AB,3623,7642.681390701564,5810.942487279147,6741.701607696264,38,15,CB,7,1,BE,1,1,11,0,200.0,0,INTERNET,0.4946128069694318,other,1,1,0,0
0,0.5,0.8910129598747965,-1,41,40,0.0124652557428659,-0.5942470392532118,AC,1835,4756.593259741381,5176.576180328711,5124.187511365768,0,9,CB,67,0,BC,0,1,-1,0,200.0,0,INTERNET,6.282938750028138,windows,1,1,0,4
0,0.8,0.1029450580906505,-1,7,20,0.0161708316203425,20.25053842842132,AA,723,9822.092239274943,6073.691404761157,4994.274270460584,10,11,CA,151,1,BA,0,1,5,0,500.0,0,INTERNET,11.340296156136606,other,0,1,0,3
0,0.9,0.3243898233206528,-1,94,30,0.0094030194759778,-1.0741750910206804,AC,1033,3271.627971599009,2566.76730398005,3113.875870139333,1,8,CA,156,0,BC,1,1,-1,0,200.0,0,INTERNET,3.880893419131336,other,0,2,0,7
0,0.1,0.391576396220348,30,7,20,0.0119734146300203,-1.8704832261229465,AB,3099,6903.678269677735,3441.9368404832253,5120.053377936186,1,9,CA,98,1,BB,0,1,1,0,200.0,0,INTERNET,1.6450442568560468,linux,1,1,0,6
0,0.7000000000000001,0.1494240605636768,-1,49,30,0.0068316140523464,-1.5222868596341463,AC,1619,6034.291890500876,5595.880228842647,6701.167186075334,0,7,CB,130,1,BC,0,1,-1,0,200.0,0,INTERNET,3.841817457166959,linux,1,1,0,0
0,0.6000000000000001,0.3203972715742135,39,12,20,0.0184503007622238,12.934667003628766,AA,1254,10019.49520003601,5237.606812365248,4917.07988853447,49,13,CA,52,0,BC,0,1,1,0,200.0,0,INTERNET,1.0241961604448844,macintosh,1,1,0,3
0,0.4,0.8902281983978477,-1,25,20,0.0084938455416368,-1.2651993862917938,AC,435,6643.497676263,2815.361277508272,5486.506767253365,0,15,CA,208,0,BC,1,1,-1,1,990.0,0,INTERNET,8.292077813890144,other,0,1,0,2
0,0.4,0.3587817812287165,-1,211,50,0.0198173323054457,-1.196256631594956,AC,843,3121.027138211024,6706.268539139219,5568.760610040699,1,3,CB,215,0,BA,1,1,-1,0,1000.0,0,INTERNET,4.912688220496098,windows,1,1,0,3
0,0.7000000000000001,0.4025040796467194,-1,302,40,0.0142349559954065,-1.5767456788572896,AB,916,5110.604202247458,4374.166076864853,4410.854314639411,0,5,CA,272,0,BA,1,1,15,1,1000.0,0,INTERNET,3.6538589433357793,linux,1,1,0,4
0,0.8,0.7653727777941044,-1,246,40,0.0013601015022583,-0.6990247294925519,AC,526,2521.724354346298,2133.257568538924,4371.225173112061,0,8,CA,225,0,BB,1,1,-1,0,1000.0,0,INTERNET,7.316296865635397,other,1,1,0,6
0,0.1,0.5797146733064735,54,15,30,0.0044475697426857,103.77579331574476,AA,1394,3176.260487617448,4042.488359793572,5193.981626121703,3,14,CA,35,1,BC,1,1,3,0,200.0,0,INTERNET,4.229387298682647,linux,1,1,0,2
0,0.2,0.6042208950420029,-1,108,20,0.0273856519775778,-1.6922857731472989,AB,3901,10645.02484048499,7376.811693403351,6716.945414020573,9,16,CA,6,1,BE,1,1,1,0,200.0,0,INTERNET,2.7848451910564203,other,1,1,0,0
0,0.1,0.5515693024063423,-1,183,50,1.1008369432230136,15.689146677765104,AA,1475,1322.891146352461,5880.751579252946,5016.968134153008,1840,10,CA,36,1,BE,0,1,6,0,200.0,0,INTERNET,7.951141864697607,other,0,1,0,0
0,0.7000000000000001,0.2434327916145185,-1,330,50,2.5241261435166527,-1.1118263597247933,AC,1161,5347.22393923109,2977.755293289721,4338.989832123213,0,3,CA,237,1,BB,0,1,-1,0,1000.0,0,INTERNET,3.478270775274734,linux,0,1,0,6
0,0.3,0.4365984340563541,-1,42,30,0.0179115474245798,-1.4390168320229155,AB,2048,4784.417136218681,5510.684455360017,5150.761291774552,17,13,CF,54,0,BB,0,1,1,1,200.0,0,INTERNET,1.415139994869374,linux,1,1,0,2
0,0.1,0.6627439122476451,-1,41,30,0.0093536895825112,-1.6851183377911316,AB,1606,2291.154403949324,3900.743782287879,5338.792896474164,861,7,CA,-111,1,BB,1,1,28,0,200.0,0,INTERNET,2.7735540780386696,linux,1,1,0,1
0,0.2,0.1496682960536063,-1,111,40,0.014314618552426,36.01630488713881,AA,1149,10176.774413377025,5371.3025332410825,4131.416760457286,26,8,CA,73,0,BC,1,1,28,0,200.0,0,INTERNET,2.546275722673487,other,1,1,0,5
0,0.8,0.4474171920847352,-1,42,40,25.11245777657362,-0.7825537770176381,AB,1168,4650.4054540319175,3796.779458490495,4892.003954441442,2,7,CA,235,1,BC,0,1,28,0,200.0,0,INTERNET,17.13556316799175,other,0,0,0,4
0,0.2,0.4823098115366462,32,16,20,12.025224144515937,-0.8594067806905195,AC,1174,3113.510376223984,5695.246818384163,5150.396111592993,1,11,CA,123,0,BB,0,1,-1,0,500.0,0,INTERNET,8.820807905131359,windows,1,1,0,3
0,0.2,0.579580341517145,-1,57,50,0.0214612973047349,-0.6434382312034185,AD,783,5540.283977267739,8972.290682969091,4891.867541187436,46,4,CA,208,1,BC,1,0,30,0,1500.0,0,INTERNET,8.351163142816251,windows,1,1,0,4
0,0.8,0.1315560570071957,33,20,30,0.0065427916713739,33.51191784879312,AA,2174,3936.6103000541298,4189.272380450414,4396.785638103221,4,4,CA,238,0,BC,1,1,1,0,500.0,0,INTERNET,3.059920074618023,other,1,1,0,6
0,0.4,0.4644969467476641,-1,32,50,2.945587665488208,-1.3755826825443096,AB,3031,6673.220830926619,4818.143299178334,5205.223650815603,40,7,CA,214,1,BB,1,1,15,0,990.0,0,INTERNET,8.329463312268926,linux,0,1,0,1
0,0.1,0.1718101817134043,-1,317,30,0.0004925638549001,20.147632879514827,AA,1797,10504.734642123878,5591.962763705516,6765.294633098192,26,17,CA,105,0,BE,0,1,4,1,200.0,0,INTERNET,4.7217380221742165,other,1,1,0,0
0,0.1,0.2878918096503793,58,16,30,0.0087977109553337,-1.012463625960819,AC,1495,11237.664327301916,6415.177140753122,5282.117898543264,0,13,CB,253,1,BB,0,1,-1,0,1500.0,0,INTERNET,3.6543103703124142,linux,1,1,0,1
0,0.9,0.6942409964113683,58,10,20,0.0183085552227796,102.35762696500682,AA,2009,1350.7713621916355,4142.029607989903,4909.057570788654,6,9,CA,163,1,BC,0,1,29,0,510.0,0,INTERNET,5.650518072610579,windows,0,1,0,3
0,0.4,0.5015759164170683,23,33,40,1.5209434796864172,-0.7922418882993494,AC,995,2177.3480355365336,8723.732735881995,5090.731026879963,12,10,CF,79,0,BB,0,1,-1,0,200.0,0,INTERNET,6.702911316739867,other,1,1,0,3
0,0.1,0.6590250486265411,-1,342,40,0.0174016760825175,-0.3604495733212977,AB,3611,10576.96932331098,5770.594333229666,5576.1969273458935,1,8,CA,172,0,BA,0,1,21,0,1000.0,0,INTERNET,4.559908066577496,windows,1,1,0,2
0,0.9,0.5391912537015489,24,-1,30,0.0185617205296615,-1.1806072297770194,AB,1731,7202.473906944436,2839.49157030714,4903.2409557506735,28,10,CA,136,1,BC,0,1,1,0,1000.0,0,INTERNET,4.732424954577469,other,1,1,0,3
0,0.5,0.0638202955144973,172,15,60,0.0069576415572103,11.934258531352404,AA,1091,3291.720287413326,4056.5332445147087,4329.21873137582,857,3,CA,155,0,BC,1,1,31,0,500.0,0,INTERNET,13.840173504455237,linux,0,1,0,6
0,0.6000000000000001,0.7251717287720193,33,11,50,0.036316063957794,-1.261542268058387,AC,2905,8346.20100459595,6604.381606248804,4749.494028098617,0,8,CA,77,1,BB,0,1,-1,0,200.0,0,INTERNET,2.364249456518169,windows,0,1,0,3
0,0.2,0.3317876791954202,-1,185,10,0.0411254723913273,-1.0719446834744142,AC,544,3422.0909177333087,6214.630773711107,4286.806428383573,1,4,CA,87,0,BE,0,1,-1,0,200.0,0,INTERNET,4.189910576744419,macintosh,1,1,0,4
0,0.8,0.871161322695121,11,6,50,0.001931943521826,-0.9341618844303295,AB,373,4731.474699597713,3484.554118692606,3155.246822302715,15,2,CA,108,0,BC,0,1,31,0,200.0,0,INTERNET,0.9032725017672592,windows,1,1,0,7
0,0.2,0.1484464243563657,55,18,20,0.0150379861102602,-1.0480609384116522,AB,1172,8131.724007529775,3898.865937595305,5100.661500155924,17,10,CA,123,1,BB,0,1,26,0,200.0,0,INTERNET,8.513631412279697,windows,1,1,0,2
0,0.8,0.2077219523110859,-1,39,40,0.0305885074907382,-1.1283277795002609,AD,2381,2373.383769927513,3727.820932444027,4179.827645415276,2,10,CA,151,0,BC,1,1,10,0,200.0,0,INTERNET,7.65216905256416,linux,1,1,0,5
0,0.5,0.4778323127196001,26,43,40,0.002435101222674,-1.2936178176624615,AC,1946,4689.971516438963,2819.8345486878748,4260.6382726966585,0,5,CA,89,0,BC,1,1,-1,1,200.0,0,INTERNET,1.059965812063577,linux,1,1,0,7
0,0.9,0.5543300793552008,-1,175,40,0.009779931023966,-0.9990876761596076,AB,697,6599.168330773627,3372.318975203003,4981.040259427971,16,7,CA,312,0,BA,1,0,5,0,1500.0,0,INTERNET,2.707668840558936,windows,1,1,0,4
0,0.1,0.5326147919154567,-1,130,40,0.0006291491264433,22.077892047436546,AA,649,8418.431576341993,6351.212167292145,5451.144897629375,2,5,CA,85,0,BC,1,1,1,1,1000.0,0,INTERNET,3.109343418127481,other,1,1,0,7
0,0.4,0.648458797752232,37,18,10,0.0146218945443629,-0.7640509202068441,AC,1065,2654.880793594212,4744.998665894143,4360.789222083855,1,5,CA,242,0,BB,0,1,-1,0,200.0,0,INTERNET,6.304823306990326,other,0,1,0,5
0,0.4,0.5867439023791134,-1,57,30,0.0197841965855932,-0.5041230807034848,AB,1605,3556.075472370814,4387.657357099021,4280.6008583760495,10,9,CA,80,0,BB,0,1,28,0,200.0,0,INTERNET,15.433365547569034,other,1,1,0,5
0,0.7000000000000001,0.2897956472829163,-1,51,50,0.0071695444452478,51.51897986606018,AA,1294,9291.05757951331,3442.900945678537,5112.973636678064,663,13,CA,-91,1,BC,1,1,1,1,200.0,0,INTERNET,4.563543746036637,linux,0,1,0,4
0,0.1,0.3730175074903153,-1,221,40,0.0481858139601356,-1.3045064258435208,AB,2741,10456.106213967729,5941.523276332983,4966.259567587673,25,1,CB,142,1,BE,0,1,1,0,500.0,0,INTERNET,9.498453298142772,linux,0,1,0,3
0,0.8,0.7636011559886163,102,9,30,0.0044595805418335,50.90020630119796,AA,931,6679.470061213576,4123.85968927868,3127.9207604074586,20,7,CA,122,0,BE,1,1,28,0,1000.0,0,INTERNET,4.019724856810614,windows,1,1,0,7
0,0.6000000000000001,0.7998624557080406,-1,144,40,0.0204353332861388,-0.7294920785325776,AB,3396,3139.5246632317985,7306.065419119991,5518.910968602304,10,5,CD,34,1,BB,0,1,1,0,200.0,0,INTERNET,4.554837286837963,linux,0,1,0,1
0,0.7000000000000001,0.2776493927182329,-1,34,20,0.0224253212129006,14.863281665705555,AA,2338,11094.8663159627,6333.674375961361,6792.559817380685,27,23,CA,18,1,BE,0,1,15,0,200.0,0,INTERNET,5.877604436696672,linux,1,1,0,0
0,0.2,0.1894756033405729,-1,344,20,0.0150395220426271,20.25830423887538,AA,1712,11694.379401377564,7517.641186149516,5570.516524136708,2,6,CA,103,0,BE,0,1,30,1,200.0,0,INTERNET,3.2815670541251607,windows,0,1,0,0
0,0.8,0.5365004724803475,-1,322,30,0.0043953684640784,27.19376052441469,AA,1844,11480.608360228256,7279.7263919239185,5520.5900253359205,613,15,CB,156,1,BE,1,1,10,0,1500.0,0,INTERNET,1.7957950725402785,windows,1,1,0,1
0,0.1,0.1598919128689705,-1,244,20,8.361885141238526,-0.5995904203817191,AD,5922,10034.868896260668,5492.650119132847,5596.001546115258,33,20,CA,18,1,BE,0,1,1,0,200.0,0,INTERNET,9.990396005527122,linux,0,1,0,1
0,0.1,0.1463590508764366,-1,16,60,0.7738834241183876,-0.9751684438018816,AB,845,3808.863149240086,3876.707525460524,3108.124017698068,10,3,CC,96,0,BC,1,1,31,0,200.0,0,INTERNET,21.74730423770496,other,1,1,0,7
0,0.2,0.7313148993131618,-1,44,40,0.029329404085937,-1.0493753518522435,AB,472,5375.202016106619,5977.195285296372,3060.1013936163085,4,7,CA,167,0,BC,1,1,15,0,200.0,0,INTERNET,12.667422554717788,linux,1,1,0,7
0,0.9,0.8547187921471435,-1,161,50,0.0213645125475975,-0.6194016224803247,AB,937,8838.870057865977,5161.28432143617,5031.454017401708,762,4,CC,199,1,BB,1,1,1,0,1500.0,0,INTERNET,5.607470220799131,other,1,1,0,4
0,0.1,0.6036110328458926,-1,79,20,0.0203445030962722,-1.2249249610394743,AD,2970,6024.893649697712,5973.514236820127,5504.582570758612,1,9,CA,82,1,BE,0,1,31,0,200.0,0,INTERNET,9.741171995286436,other,0,1,0,2
0,0.6000000000000001,0.9123363842685992,187,45,20,0.0359693830045598,50.831910322759406,AA,1633,4827.105468364103,6583.643754769565,5577.854917666312,12,7,CA,148,0,BE,0,1,28,0,200.0,0,INTERNET,6.4870805219623,linux,1,1,0,2
0,0.2,0.4540111934613415,-1,203,10,0.0018948337790704,-0.3731504019916312,AB,1195,1773.0946868145857,2584.348065553765,3980.1981739151256,14,8,CA,125,0,BE,0,0,1,0,500.0,0,INTERNET,3.8125449036141807,other,0,1,0,6
0,0.7000000000000001,0.6557258132732653,-1,122,30,0.0120843040965986,14.370710312525356,AA,3293,3598.277211400397,5139.652423673305,3853.240855176289,16,12,CA,145,0,BA,0,1,25,0,200.0,0,INTERNET,3.032321305228308,linux,1,1,0,2
0,0.8,0.3981309062278847,10,24,20,0.7233006997117516,-1.7429798498724045,AB,761,10114.496566833735,7237.312473427631,5077.430928038526,12,18,CA,70,0,BC,0,1,-1,0,200.0,0,INTERNET,25.728192999982703,linux,1,1,0,3
0,0.9,0.8548596648643145,-1,221,40,0.0298561070338156,-1.0404988349932245,AB,1058,2873.5532191652865,3292.739911885248,4245.691557704959,14,3,CA,241,1,BE,0,1,30,0,500.0,0,INTERNET,2.833375890220794,linux,1,1,0,6
0,0.4,0.7582689629649244,-1,64,50,0.0218675190803652,97.5210371316296,AA,4048,7677.680052397814,5696.204916824189,6304.187785866719,259,7,CA,172,1,BC,1,1,15,0,200.0,0,INTERNET,13.314984507356648,windows,1,1,0,0
0,0.6000000000000001,0.6736994589223492,-1,114,30,0.0017377173964643,-0.7334600341100415,AB,1591,1207.6245184606944,3089.298879260335,4367.198165346337,8,12,CA,123,0,BB,0,1,1,0,500.0,0,INTERNET,2.8510419424436635,windows,1,1,0,5
0,0.9,0.4695000808620261,-1,45,30,0.0004304945645041,-0.9918295300964008,AD,938,6715.844094787903,6528.726417571116,4828.8784902834495,22,7,CA,129,1,BB,0,1,1,0,200.0,0,INTERNET,6.915037632073016,windows,0,1,0,2
0,0.5,0.7789976134066416,-1,147,20,0.0153003427597799,-0.8867673475691918,AB,257,3448.700079157049,4207.294089635441,3048.8845148375462,11,4,CA,193,0,BE,0,1,2,0,1000.0,0,INTERNET,7.1356479664689205,windows,0,1,0,7
0,0.7000000000000001,0.103301344178249,-1,143,30,0.011779982541273,51.31090214152845,AA,752,8501.989606240562,5344.482709677851,4382.027766803543,671,5,CA,97,0,BE,0,1,1,1,200.0,0,INTERNET,3.4238955530996646,other,0,1,0,4
0,0.9,0.0189167328758905,-1,77,50,0.0059042360859156,-1.1250323859272044,AB,880,4631.662389184991,4153.5940677967465,4159.79439849172,9,6,CB,274,0,BD,0,1,28,1,1500.0,0,INTERNET,15.746207793863311,linux,1,1,0,6
0,0.6000000000000001,0.016316400336024,25,11,30,0.0150962868693664,6.436396258432004,AA,617,8392.651109242915,4529.030019813159,4793.468431844764,41,8,CA,101,0,BC,0,1,28,1,200.0,0,INTERNET,18.469602589607767,linux,1,1,0,0
1,0.8,0.4312976141095262,-1,23,50,0.0163951585844574,-1.2525504871135782,AC,2740,9658.053963336424,6127.876509907696,5613.358745450843,1,7,CA,37,1,BC,0,1,-1,0,200.0,1,INTERNET,9.78264630184745,other,0,1,0,0
0,0.5,0.6598644727367908,-1,50,30,0.0131403697521985,49.32822355473242,AA,1083,1353.4571599109286,5127.029570241079,5004.568484629411,21,13,CB,24,1,BC,0,1,1,0,200.0,0,INTERNET,4.348411210189209,linux,1,1,0,4
0,0.6000000000000001,0.4804955419464301,30,12,50,0.01444559154728,-0.9532750948741204,AC,1640,8974.038258215225,5895.470755813685,5400.216586581597,0,12,CB,69,0,BC,1,1,-1,0,200.0,0,INTERNET,4.189557579829123,linux,1,1,0,0
0,0.5,0.5150658683493161,33,7,30,0.0226042751181261,-0.6103650391812893,AC,201,2762.8843693988206,4854.238053021487,4283.7469601141465,0,9,CA,116,1,BC,0,1,-1,0,200.0,0,INTERNET,3.6980020748922233,linux,1,1,0,5
0,0.6000000000000001,0.1330125235882583,27,8,40,0.0063630835425177,-1.2268873893216583,AB,866,8022.63599140568,4061.3947987880174,5152.167938580591,231,7,CA,142,1,BC,0,1,22,0,200.0,0,INTERNET,3.873860909795333,other,0,1,0,2
0,0.9,0.3125297902485226,-1,287,60,0.0014388981268818,-0.538792572314128,AC,1483,4580.879830338215,4823.58375054468,4347.939374203988,2,4,CB,330,1,BC,1,0,-1,0,1500.0,0,INTERNET,3.715685517378117,windows,1,1,0,4
0,0.7000000000000001,0.7057925540904076,48,37,30,0.0178928898882491,-1.4994517787800326,AC,1174,7139.056680528671,3568.729195327373,4253.784798642671,1,13,CA,178,1,BC,0,1,-1,1,1000.0,0,INTERNET,1.467142810575112,other,0,1,0,5
0,0.1,0.0928353663929232,-1,42,50,0.0135911505425639,-1.1488766627829663,AC,1042,2270.3399110505343,6451.102375344469,4968.961074319685,0,3,CD,235,1,BC,1,1,-1,0,1000.0,0,INTERNET,14.09053986387003,linux,0,1,0,1
0,0.9,0.2288664907457013,35,9,40,0.0225939892215805,51.36987144276468,AD,2058,1325.1420446844263,3788.3743109906695,4312.230032504658,11,5,CA,166,0,BC,0,1,28,0,500.0,0,INTERNET,1.217615562974377,linux,1,1,0,5
0,0.1,0.6370034474919977,23,36,30,0.0278267911546062,15.205104458454311,AA,3342,8286.052111247847,5128.00336024934,4865.377994244236,2,15,CA,142,0,BC,0,1,25,1,1500.0,0,INTERNET,3.2128518559834265,windows,1,1,0,3
0,0.1,0.7955936021197587,-1,53,40,14.972208905920446,-1.4007201202981945,AB,1881,6929.745552784757,5042.075753416823,5169.648753415715,14,11,CB,20,1,BB,0,1,10,0,200.0,0,INTERNET,5.759252160205013,windows,1,1,0,2
0,0.6000000000000001,0.2961780982310605,288,16,30,0.011127730864952,-1.043491260770312,AC,643,3894.541850894151,4281.047165102604,5305.449200523076,0,16,CA,114,0,BB,0,1,-1,0,200.0,0,INTERNET,3.648610024925334,linux,1,1,0,1
0,0.7000000000000001,0.2730909977279672,-1,36,20,0.0367535136636,-1.1427925635924212,AD,858,685.494338432706,2332.0355452896674,4224.016133543711,10,12,CF,98,1,BB,0,1,1,0,200.0,0,INTERNET,1.7632291414672927,other,1,1,0,6
0,0.1,0.5590275359683987,-1,204,60,5.231863178500583,-0.7206406215196413,AB,1787,7123.7189609939405,6235.899287039419,5572.034405935452,9,15,CA,61,1,BB,0,1,1,0,1000.0,0,INTERNET,18.60494445205937,windows,0,1,0,2
0,0.9,0.8746160584851331,52,10,30,0.0146234450276681,-0.3042226411792244,AB,247,3881.340409177393,2882.7905418052865,3082.9910327559583,2,6,CA,243,0,BD,1,1,-1,0,200.0,0,INTERNET,18.526608307648534,linux,1,1,0,7
0,0.7000000000000001,0.877443313908655,-1,43,50,0.0298198784312074,-1.2675919530343671,AB,3805,6827.887395286126,4952.144837785879,5124.94411260607,2091,4,CA,182,1,BA,1,0,4,0,1500.0,0,INTERNET,5.610614002742256,windows,1,1,0,2
0,0.9,0.07305795070311,-1,197,40,0.0291889788521742,-1.0145001103605389,AB,778,1111.743013566466,2109.52296996787,3153.777638905988,8,5,CB,320,0,BA,0,1,1,0,1000.0,0,INTERNET,4.388264962483424,other,1,1,0,7
0,0.2,0.8373600478039538,-1,260,30,0.0053563934541628,-1.564925896718833,AA,1787,3724.396449021916,4021.808648486922,4336.524154065103,1419,8,CA,102,0,BA,0,1,28,1,200.0,0,INTERNET,15.123929436550252,linux,1,1,0,7
0,0.9,0.1772173769013594,56,17,40,0.0379482394635889,-1.1256619833928163,AB,798,5465.782061032231,4648.4000686834615,4302.879590278365,13,8,CA,154,1,BA,0,1,1,0,500.0,0,INTERNET,14.281388632545474,linux,1,1,0,5
0,0.8,0.3238346275140142,-1,80,30,0.017101326933324,-1.7011420264102624,AB,1244,2735.5267589174705,3169.080948708197,3076.1034417839264,1,13,CF,225,0,BC,0,1,31,1,500.0,0,INTERNET,1.5522091739934747,other,0,1,0,7
1,0.9,0.7587051813243423,-1,22,30,0.0019763412737975,-1.2370169124925614,AB,875,4339.622889733868,5771.794441628651,4812.626274391312,9,9,CA,110,1,BB,0,1,1,0,500.0,0,INTERNET,6.830667194200165,other,0,1,0,3
0,0.9,0.5595956841086834,-1,15,30,0.027541262944368,23.04688288871441,AA,5281,8485.111084037835,5020.744795180616,5303.678136123978,0,19,CA,78,1,BC,0,1,11,0,200.0,0,INTERNET,4.589785408725524,windows,0,1,0,2
0,0.1,0.7761465796992092,-1,297,20,0.011846014698883,-0.9218282098202024,AC,3825,11635.853663397564,6606.972762066363,5304.583221510356,11,19,CA,159,0,BE,1,1,21,0,200.0,0,INTERNET,3.761357637350517,other,1,1,0,1
0,0.4,0.9181115130762704,-1,195,40,0.0054859024629554,33.52830392834836,AA,564,3938.1749888334425,6135.896551917959,4916.15060933011,2,6,CB,73,0,BC,0,1,25,0,200.0,0,INTERNET,7.612152487874402,linux,0,1,0,3
0,0.1,0.1367600875323084,-1,111,50,0.0190814865097086,-1.1495499868084065,AB,1113,3958.290626343181,4140.909768748115,5043.714346467307,6,6,CA,164,0,BC,1,0,21,0,500.0,0,INTERNET,8.562123661591619,windows,0,1,0,4
0,0.8,0.6115142872101521,-1,138,60,0.0032736956493871,-0.9469237868451692,AB,1057,7347.071620157832,6716.412658732369,6368.523289538671,2,6,CB,78,1,BA,1,1,5,0,200.0,0,INTERNET,14.802282750597955,linux,1,1,0,0
0,0.1,0.2127866112758887,54,7,30,3.1851294899717844,-0.8624377641715353,AC,2318,2443.353363316048,4368.9371809437325,5532.742865775724,0,13,CA,21,1,BC,0,1,-1,0,200.0,0,INTERNET,2.97878750670336,linux,0,1,0,1
0,0.9,0.7461420457784331,-1,35,30,0.0013694167804913,52.2688130645627,AA,690,3080.775773013165,1893.961462847742,3063.981278181109,6,2,CA,255,1,BD,1,1,1,1,1000.0,0,INTERNET,1.4367741431065468,linux,1,1,0,7
0,0.1,0.9183485979095328,-1,189,30,0.0269282189832928,-1.2345277707903266,AB,1831,11429.490976220028,5853.891554475057,5411.280559196117,8,12,CD,51,0,BB,0,1,1,1,200.0,0,INTERNET,4.532688031063509,linux,1,1,0,2
0,0.1,0.8694053783166644,-1,100,40,0.0166277246131427,-1.199306956962764,AD,827,7697.756552911317,5907.477147133722,5606.108096193099,746,13,CA,66,0,BC,1,0,1,0,200.0,0,INTERNET,2.427133761852874,windows,1,1,0,1
0,0.1,0.0956464811819337,12,18,20,0.0253152102966661,-1.429361756594196,AB,3245,9852.17792313496,5965.182949204242,4251.7778434871225,5,11,CA,74,0,BC,0,1,20,0,200.0,0,INTERNET,10.920793682973716,linux,0,1,0,4
0,0.1,0.1435378269402889,-1,182,60,0.0232674486781155,-1.4377168241416936,AB,3771,5630.970991773191,3792.463542897464,6379.446332510859,7,3,CC,96,1,BB,1,1,1,0,200.0,0,INTERNET,2.238978348812364,linux,1,1,0,0
0,0.9,0.008092287662593,87,11,30,8.891546679754011,50.49737358499919,AA,2613,9492.744705250128,8099.522100884423,6383.923122523768,18,12,CA,143,1,BC,0,1,15,0,200.0,0,INTERNET,26.878612540409783,linux,0,1,0,0
0,0.9,0.3001502728728288,11,32,30,0.0009188242530241,36.30051897514405,AA,1397,5666.985870679764,9312.308428937353,5601.29810058486,10,13,CA,72,1,BE,1,0,5,0,500.0,0,INTERNET,4.43218506244412,windows,1,1,0,3
0,0.9,0.8453621157664408,-1,65,50,0.0178675211358605,-0.7724784469895667,AD,733,13174.597152581711,7322.142094127581,6405.280540544529,10,5,CB,222,0,BC,1,1,5,0,1000.0,0,INTERNET,11.893908665314214,windows,0,2,0,0
0,0.3,0.6968126242611673,-1,39,50,0.0178433778958235,-0.5751247041678681,AB,948,2022.9472330865867,1952.8691186882968,3173.5534948384966,18,6,CA,158,1,BC,1,1,1,0,200.0,0,INTERNET,5.087709035911004,linux,0,1,0,7
0,0.3,0.8362764241459255,-1,192,20,0.0056356603148495,-0.4629945195234122,AD,1413,13524.481952612954,6914.121609797826,5702.474514795676,6,13,CA,78,0,BE,0,1,28,0,200.0,0,INTERNET,3.7572899559316713,macintosh,0,1,0,2
0,0.8,0.0874774128061825,-1,366,40,0.0288893847349968,18.541139645128503,AA,1300,9159.10934103152,6143.578901615781,4710.24125358255,452,1,CC,158,1,BB,1,1,1,1,1000.0,0,INTERNET,2.397279256077612,other,1,1,0,3
0,0.8,0.2275536306556329,31,13,40,0.0296851755458582,16.28888463483152,AA,509,5546.523774964873,3875.5138228419855,3055.096634986244,0,8,CA,113,0,BC,1,1,1,0,200.0,0,INTERNET,2.9844158438505133,linux,1,1,0,7
0,0.2,0.1135054185874353,-1,147,20,0.0162946083678647,-1.0793813980128943,AB,695,6372.553034772471,4826.115936957563,4944.27832900361,10,10,CA,145,1,BE,1,0,6,0,200.0,0,INTERNET,8.309459158652384,other,0,1,0,4
0,0.1,0.7941565436927941,-1,47,20,0.0102700460216312,7.0536420134749225,AA,2712,1441.1169358260966,5041.372695537929,5092.846970237367,2,7,CA,238,1,BC,1,1,1,0,1500.0,0,INTERNET,9.698987256615975,other,1,1,0,2
0,0.3,0.8942512390781416,9,10,30,0.0138841086235307,-1.4481289898784555,AB,2464,7488.220308382676,6765.477860798942,5735.371153288094,13,8,CA,-45,1,BB,0,1,1,0,200.0,0,INTERNET,13.226341843361483,windows,1,1,0,2
0,0.9,0.3009242673517556,28,1,40,18.197759175270733,26.509630289129664,AA,736,8650.871206358159,7003.465472530135,6443.725778159344,1379,8,CA,110,0,BC,1,1,1,0,200.0,0,INTERNET,1.9459589709331968,linux,1,1,0,0
0,0.1,0.5479058802008542,32,9,30,0.0048390873910591,-1.4266213496627294,AC,1919,2523.287718932589,4777.6589613174965,5291.554573183521,1,16,CA,68,0,BC,0,1,-1,0,200.0,0,INTERNET,1.4588909246907924,other,1,1,0,1
0,0.9,0.0258080667194679,-1,144,30,0.0108020172175284,-0.9021182836786564,AB,1273,4308.951962567767,3905.010301188128,4184.84495108004,953,3,CA,171,0,BA,1,1,9,0,500.0,0,INTERNET,1.8800412141335348,windows,1,1,0,4
0,0.8,0.0052211541596092,329,11,50,0.0139343944530694,47.525208766778405,AA,1030,1543.1922628970651,4670.393872728504,4346.657415877825,8,15,CB,120,0,BA,1,1,31,0,500.0,0,INTERNET,14.906198130389605,linux,0,1,0,6
0,0.8,0.4385902887481017,-1,228,20,0.0179391602549951,-1.6712357489738934,AD,3177,1845.261432352416,7364.409361417964,6291.404841059542,5,14,CA,172,1,BE,0,1,28,1,1000.0,0,INTERNET,6.827170466250237,windows,1,1,0,0
0,0.5,0.2864710779211421,54,21,40,0.02716300322167,-1.5083892096953269,AD,2603,7249.139979192591,5077.768583987747,4241.7237969150565,643,7,CA,98,1,BC,1,1,28,1,200.0,0,INTERNET,13.765032892871814,windows,1,1,0,4
0,0.7000000000000001,0.4359141933634358,58,11,50,11.968872197992448,-0.9385632730885286,AC,926,9179.98482731493,6006.713585729646,5358.765405396858,1,5,CA,44,1,BB,1,0,2,0,200.0,0,INTERNET,7.0776003633334925,windows,1,1,0,1
0,0.8,0.8600621898258094,-1,63,30,0.0002581777564951,-0.4047430319726333,AD,1034,4447.240713111881,3808.836379693817,4741.461831894957,8,16,CB,173,1,BC,1,0,30,0,1500.0,0,INTERNET,4.645278439118671,windows,1,1,0,3
0,0.2,0.242821902528684,25,325,20,0.0132189846416667,-1.2587000416695655,AB,578,4477.043680920535,2709.7973782179192,4390.670377827155,1268,1,CA,132,1,BE,1,1,10,1,200.0,0,INTERNET,21.87144145039472,other,0,1,0,5
0,0.5,0.7992567808872553,-1,59,30,0.0066522723343333,-1.139607001903751,AD,2103,7014.07777899719,5314.6281508221255,5346.938075774259,39,15,CA,150,0,BE,0,1,1,0,1500.0,0,INTERNET,6.204505823672621,other,1,1,0,2
0,0.6000000000000001,0.5607571838950887,32,39,30,2.8244985026153464,-1.5084450165297565,AC,2485,4519.016076844177,2913.401208055585,3714.9497414814978,0,9,CA,112,0,BB,0,1,-1,0,200.0,0,INTERNET,4.469064929678627,windows,1,1,0,5
0,0.9,0.8766046691881856,56,3,60,0.0027102083440341,-0.4419532810042625,AC,1352,5153.614354474077,3943.9749223577614,5205.499440027746,1,4,CA,123,1,BC,1,0,-1,0,200.0,0,INTERNET,11.036206410396415,windows,0,1,0,2
0,0.1,0.3745399639988825,-1,195,20,0.0356906096631941,-1.2899433522443764,AB,1644,4918.975380847177,3113.966218524933,4380.862846422105,2,9,CA,77,0,BE,0,1,26,0,200.0,0,INTERNET,0.8934391916106237,windows,1,1,0,5
0,0.6000000000000001,0.7502452915307736,-1,156,20,0.0214841946105524,-1.2352810734055906,AC,1944,11590.99055377336,4612.491926839623,5355.918705798084,1,8,CA,177,0,BB,0,0,-1,1,500.0,0,INTERNET,5.045255206037881,linux,1,1,0,2
0,0.6000000000000001,0.9940083221104786,96,12,30,0.000897835070282,-0.803686682184505,AB,1822,3336.682551034179,3524.176260831172,3169.343109560483,5,10,CA,139,0,BC,1,1,1,1,500.0,0,INTERNET,4.2857338845489465,linux,0,1,0,7
0,0.3,0.8705950819214958,-1,83,20,0.0018242997329895,52.4383571967143,AA,1923,8957.709216804906,6746.898061499821,6346.09040932164,51,16,CA,22,0,BE,0,1,26,0,200.0,0,INTERNET,5.749377554466326,other,0,1,0,0
0,0.6000000000000001,0.0834288045311467,-1,158,30,0.0296548158216626,-0.6696099332096781,AB,698,5041.428169729888,2876.687986503687,4310.651089932685,10,7,CB,47,0,BE,1,1,1,1,1500.0,0,INTERNET,4.217630169093393,linux,1,1,0,5
0,0.6000000000000001,0.7645841175068572,-1,60,20,1.011844952994363,49.76311694091557,AA,989,9748.218566821148,6505.7414713391545,5485.864306550388,14,5,CA,194,1,BE,0,1,21,0,1500.0,0,INTERNET,10.50077276413139,linux,0,1,0,1
1,0.2,0.7661601114671827,-1,301,20,0.0014435601767213,-1.5696754684199,AB,1025,5473.567124900394,5441.212927414551,4162.381276417476,7,6,CA,48,1,BA,0,0,25,0,200.0,0,INTERNET,3.10304799185737,linux,0,2,0,1
0,0.5,0.5849666521010187,-1,256,50,0.0123384071306099,47.78273528719218,AA,557,461.36384498549296,5400.882063872458,4395.688894568457,4,8,CB,156,1,BE,1,1,11,0,500.0,0,INTERNET,4.408514747703888,macintosh,1,1,0,6
0,0.9,0.2315040887044941,-1,384,40,0.0093541533835318,-1.5668276613476355,AB,911,3114.824714724095,1913.0173025157,3088.88526869876,14,11,CB,105,1,BD,1,1,30,0,200.0,0,INTERNET,2.9495228791697525,other,1,1,0,7
0,0.7000000000000001,0.3697876106547274,29,11,30,0.0033192006670674,34.08285847739772,AA,370,9834.682220629176,6171.028811821924,5444.748489479885,509,8,CA,99,1,BC,0,1,28,1,200.0,0,INTERNET,4.645673195288196,linux,1,1,0,2
1,0.9,0.0584811865214277,-1,22,30,0.0109443744925317,-1.003755648473286,AB,1725,10626.888307030824,6451.848289453501,4923.205586636229,35,9,CA,286,1,BC,0,1,31,0,2000.0,0,INTERNET,2.1354744207661898,windows,0,1,0,3
0,0.9,0.8314911229358346,-1,268,50,7.834058906783812,26.879505524688525,AA,1186,7639.524020884225,3732.114086498419,4331.527018664896,6,4,CB,148,0,BA,1,1,26,0,500.0,0,INTERNET,1.9851956701433864,other,1,1,0,5
0,0.7000000000000001,0.6580729621213448,-1,235,50,0.0006248738877212,49.64202812922896,AA,2438,4148.323101694048,5139.565095043846,4228.491820575996,2,3,CA,194,0,BE,0,1,11,0,1000.0,0,INTERNET,2.698471399345824,windows,1,1,0,5
0,0.5,0.2359082151902303,292,39,30,0.0054125869646158,-1.5879683211991265,AC,610,8950.593221746329,5470.528490996498,4465.91734178274,0,8,CB,162,1,BC,1,0,-1,0,200.0,0,INTERNET,4.592538849122332,other,0,1,0,3
0,0.4,0.4989802626708613,-1,29,30,0.0184046156665481,-0.7309248573724985,AC,1803,6566.15340682355,5081.138250083826,5979.40377717811,3,7,CA,232,0,BB,0,1,-1,0,1500.0,0,INTERNET,5.981323059592707,linux,1,1,0,0
0,0.9,0.8739239859130628,-1,71,30,0.0089847990472515,-1.3159379964225266,AC,2422,4407.1544705869,3933.963192341463,4759.3926693820285,5,10,CA,133,1,BA,0,1,-1,1,500.0,0,INTERNET,6.263096589614864,other,0,1,0,3
0,0.7000000000000001,0.3654807866681874,-1,59,40,0.0095975153999855,15.38236055269926,AA,2263,2122.820502475378,5525.052242178415,3772.038544912151,1908,13,CA,217,0,BB,0,1,15,1,500.0,0,INTERNET,1.2492432076360604,other,1,1,0,6
0,0.1,0.1726509148341951,-1,89,20,0.0339509124246317,-0.5440138059536233,AB,1120,4598.952928553397,5867.702535701174,4826.454863967008,2,14,CF,42,0,BB,0,1,1,0,500.0,0,INTERNET,5.894590453278526,windows,0,1,0,0
0,0.4,0.2125149242140124,-1,138,40,0.0250417852334791,2.0574112351974065,AA,2786,4929.119774908236,5169.804588510516,4348.324060063384,2,5,CB,72,1,BB,1,1,15,1,200.0,0,INTERNET,22.42410949595713,linux,1,1,0,5
0,0.9,0.4755313631527764,-1,42,40,0.0250485126172462,-1.4614843946155944,AC,2187,7679.370541459121,6217.344459622215,3074.825905270753,1,1,CA,127,0,BC,1,0,-1,0,200.0,0,INTERNET,1.978756382716676,other,1,1,0,0
0,0.6000000000000001,0.9291501711195052,-1,149,30,0.002398400937287,-0.1164438495159302,AB,1308,1412.6182278254694,3341.270890704502,3199.238867408429,6,11,CA,230,1,BC,0,1,1,0,1500.0,0,INTERNET,5.895213858398371,linux,1,1,0,7
0,0.9,0.0252408076794051,-1,79,40,0.0066257411236586,-1.2962389907147456,AB,884,1740.273106052828,5129.704933135813,4357.899993060427,1,8,CB,153,0,BC,0,1,30,0,500.0,0,INTERNET,2.59376423608403,other,0,1,0,5
0,0.8,0.8946886979535055,-1,230,50,0.0159998774975923,102.3599983608531,AA,1489,5560.638628021782,4270.908563292964,5361.820568885471,2,4,CB,273,1,BA,0,1,19,0,1500.0,0,INTERNET,1.755687035393686,linux,0,1,0,1
0,0.7000000000000001,0.1744571462781924,-1,36,50,0.0023449227935816,23.14703664529473,AA,1069,6652.721749637954,4241.982328134626,5110.098187043819,2022,8,CC,83,1,BC,0,1,21,0,200.0,0,INTERNET,5.454782180880129,windows,0,1,0,3
0,0.6000000000000001,0.0910732363580591,-1,45,40,0.0179703590832944,-1.258548242597441,AB,1831,7562.883836664118,6777.8207829823605,4368.380790806083,1404,5,CE,107,0,BD,1,1,1,0,200.0,0,INTERNET,5.833314396705402,other,1,1,0,5
0,0.8,0.1872353958543677,11,13,40,0.0132495626299356,32.20538349898753,AA,1181,5984.869986969102,4694.834341523463,5161.6307368041935,1,6,CA,56,1,BC,0,1,-1,1,200.0,0,INTERNET,4.948235336757988,linux,1,1,0,2
0,0.6000000000000001,0.5017993022349485,-1,78,40,0.004170170868827,-0.9484313109834124,AC,1007,5078.55409163589,6687.993199360305,3095.184025358619,0,15,CA,75,1,BC,1,0,-1,0,200.0,0,INTERNET,12.3807137479438,other,1,1,0,2
0,0.8,0.4726476722532821,-1,48,50,0.0057683939732272,-1.2482314191392585,AB,1942,716.5324109831978,3621.487686865858,3102.21707380762,16,1,CF,94,0,BB,0,1,2,0,200.0,0,INTERNET,2.2721108880003795,windows,0,1,0,7
0,0.1,0.2332347671129103,25,26,20,0.0143408652114202,14.584585561368124,AA,4650,8815.425991732958,6147.420661669741,5927.570751354701,289,14,CA,68,1,BC,1,1,28,0,200.0,0,INTERNET,5.0228852293540855,other,1,1,0,0
0,0.3,0.739333728790317,-1,183,50,0.0189871770288383,-1.224013337348544,AB,1809,8486.974165639727,5521.12739630223,6829.2758084532425,3,6,CA,61,0,BE,0,1,15,0,200.0,0,INTERNET,9.081182903938965,other,0,1,0,0
0,0.1,0.8248666174079956,-1,55,30,0.0011873664052997,-1.7321793671825,AC,1784,1353.8730319110084,5615.727025775109,4785.389277757992,0,16,CA,206,1,BC,1,0,-1,0,1000.0,0,INTERNET,4.823430876748173,windows,1,1,0,3
0,0.7000000000000001,0.5454078899914648,-1,37,40,0.0143834849094456,-0.8729924950785002,AD,4457,11485.677322693036,5665.411257079576,6430.736221188845,15,4,CA,13,0,BC,1,1,25,0,200.0,0,INTERNET,6.224466261411282,linux,1,1,0,0
0,0.8,0.2596510849235861,-1,22,20,0.0076371307608636,-0.2974272065611539,AC,3475,4901.671577739496,2654.434239217761,4299.4731055479215,0,17,CA,108,1,BC,0,1,-1,0,200.0,0,INTERNET,7.162114113113036,other,0,1,0,4
0,0.1,0.4317557849432713,-1,249,20,0.0268243931888313,-0.7304880624342676,AB,966,4829.491861123111,2871.514731155692,4187.1076047593015,17,7,CD,93,1,BE,1,1,28,0,200.0,0,INTERNET,10.359501381567156,linux,0,1,0,6
0,0.2,0.2283139437455819,-1,80,30,0.0142815151679917,49.913406559993255,AA,480,2566.9736215949733,6063.532794015775,3427.986955755854,29,6,CA,127,0,BC,0,1,15,0,200.0,0,INTERNET,4.803645553448506,other,0,1,0,6
0,0.7000000000000001,0.8918703105591267,-1,196,40,0.0049401064712165,15.347398338461971,AA,1903,4223.671190542967,3197.147913749272,4353.390860028651,1676,5,CA,188,0,BC,1,1,20,0,200.0,0,INTERNET,1.7742755342045502,other,0,1,0,6
0,0.6000000000000001,0.7506491151013907,13,39,30,0.0060909371531612,-0.5651872327095055,AB,925,11521.296562744896,5450.528621847006,4181.496047813473,1400,8,CA,195,0,BC,1,1,1,0,1000.0,1,INTERNET,1.1086304635396371,windows,0,1,0,5
0,0.1,0.3324210585243944,-1,28,40,0.0116425828820417,-1.0414972534400508,AB,1291,6076.851931888155,5091.509270483706,4302.690551681858,1431,2,CA,123,1,BB,1,0,10,0,200.0,0,INTERNET,2.8782557163715685,windows,1,1,0,4
0,0.4,0.5654918444023943,23,9,40,0.0043508474434597,-0.322567401038185,AC,1124,2537.440084296542,5357.957358815569,4230.928744787748,1,5,CA,170,0,BC,1,0,-1,0,1500.0,0,INTERNET,35.178185895741265,linux,0,1,0,4
0,0.7000000000000001,0.5172004041708735,-1,80,50,0.0044832868495314,20.95346464677028,AA,1140,9496.503305590915,5414.310210481557,4297.147731013998,1313,5,CB,91,0,BB,0,1,21,0,200.0,0,INTERNET,4.390241183507976,other,0,1,0,6
1,0.9,0.8429855324963111,-1,102,60,0.0245126904852667,22.65651074249495,AA,1044,6775.570235799771,5949.407483637523,6710.229441438957,2,5,CA,65,1,BC,0,1,20,0,200.0,0,INTERNET,6.419037707667048,other,0,1,0,0
0,0.1,0.5625418101747683,23,7,30,0.0198898865169169,-0.750581660562516,AB,1115,7855.045566569715,5579.366222885996,4959.972715825368,2,16,CA,140,0,BC,0,1,1,0,510.0,0,INTERNET,5.6656189924298,windows,0,1,0,3
0,0.6000000000000001,0.7784502310869722,-1,161,30,0.0093309852685864,42.25994976505411,AA,4163,8811.354830932938,4642.776753147547,6168.0512978980005,479,7,CA,176,1,BA,1,1,1,1,1500.0,1,INTERNET,5.319600430656795,linux,1,1,0,0
0,0.3,0.9986570434757648,70,11,30,7.584468203863226,-1.014910476896531,AD,4701,9992.004774705472,7380.898747165364,5531.522590465035,8,18,CA,53,0,BB,0,1,15,0,200.0,0,INTERNET,10.638725380888388,other,1,1,0,1
0,0.9,0.9944678757343408,-1,298,20,0.019669402617261,-0.4812361375944033,AB,1168,8491.9186998681,4620.214135263745,5314.3487014839,17,20,CA,101,0,BE,0,1,15,0,200.0,0,INTERNET,4.200741509226316,windows,0,1,0,3
0,0.7000000000000001,0.8285581124672246,-1,56,30,0.0111096391984406,50.7671558185469,AA,960,7046.3782213638415,4929.512405779947,5065.482009171356,2,7,CA,209,0,BB,0,1,30,0,500.0,0,INTERNET,9.94295182788576,linux,0,1,0,3
0,0.9,0.3418119515155126,-1,37,20,0.0212149838729803,23.21670926659709,AA,2639,8683.000486557243,5246.499332684125,5178.747952598775,1264,9,CA,148,1,BC,1,1,1,1,500.0,0,INTERNET,7.6509318011916445,other,0,1,0,3
0,0.2,0.999024780952006,-1,54,50,0.0265605038404865,-1.0723758192858606,AB,2934,725.2498794338411,6556.244605784919,6585.940006438455,15,8,CA,114,0,BC,0,1,25,1,200.0,0,INTERNET,2.8587799736892485,linux,1,1,0,1
0,0.9,0.611511878073048,36,8,50,0.0161100491178855,-0.5920429158294667,AD,1627,7029.844794701635,3911.519608043453,4397.146440549691,715,5,CA,90,1,BC,1,1,1,0,200.0,0,INTERNET,17.691958628845647,windows,1,1,0,4
0,0.6000000000000001,0.8174202102398785,14,10,30,0.0216106885538245,-2.0167986155995914,AB,1079,3687.8733448706153,4904.397198710335,5566.576666796034,13,14,CA,239,0,BA,1,0,10,0,1500.0,0,INTERNET,2.036419169896992,linux,1,1,0,1
0,0.9,0.9997640711496848,-1,49,30,0.0008063194200727,-0.4903522400294048,AC,640,4202.787612266822,2845.2112316944904,4211.347074185666,1,15,CA,93,0,BC,0,1,-1,1,200.0,0,INTERNET,4.1184626797097685,other,0,1,0,6
0,0.9,0.8650066288383073,-1,240,40,0.0225147243902055,-0.1990705969015412,AC,834,6464.982722476229,2840.3713090467686,5283.291187633952,1,3,CA,274,0,BA,0,1,-1,0,1500.0,0,INTERNET,3.4841498521115573,windows,0,1,0,4
0,0.1,0.3886240347493505,-1,264,20,0.0307745202177678,-0.960301763653844,AC,317,3455.3104963910528,2843.3934735630987,4368.257113456993,1,10,CA,85,0,BB,0,1,-1,0,200.0,0,INTERNET,2.1999153519661987,linux,0,1,0,6
0,0.9,0.4542073225152806,29,7,50,0.0085604548864625,50.43535093073107,AA,1444,7823.08914594963,5072.791929900819,6871.3453473089685,17,9,CB,59,1,BC,0,1,1,0,200.0,0,INTERNET,3.3724522955863137,linux,0,1,0,1
0,0.7000000000000001,0.8745294249731211,-1,364,30,0.0053416648833809,-0.5293278228444342,AB,765,13136.906197861555,6581.498211447642,5420.11122838359,9,9,CB,131,0,BE,0,1,1,1,1500.0,0,INTERNET,9.3547648023918,other,0,1,0,1
0,0.6000000000000001,0.8826054072236709,-1,45,20,0.002928779401604,-0.0743528557719751,AD,3180,3329.665583261736,3609.596706069196,4968.5031564950295,14,24,CA,120,0,BE,0,1,1,0,200.0,0,INTERNET,6.164262241603812,windows,0,1,0,3
0,0.6000000000000001,0.7286068705774309,-1,181,40,0.0018881890628512,-1.0889710068699805,AB,3431,9483.294415691522,7086.453782998672,5624.188549755358,1,7,CA,90,1,BA,0,1,30,0,200.0,0,INTERNET,2.67307256455982,other,0,1,0,2
0,0.6000000000000001,0.7106759343909846,-1,209,40,0.034307407177305,-1.4754413028958724,AC,1086,10622.518167983488,7219.934165153577,5667.760544461928,1,7,CA,253,0,BB,1,1,-1,0,1500.0,0,INTERNET,35.854875427443865,macintosh,1,1,0,2
